Business Name,Address,Postal code
Kooistra en Kuiper,Harinxmastrjitte 6,8621 BL Heeg
't Rennershuis,Beethovenplantsoen 13,8916 GC Leeuwarden
Rijwielhandel Klaver B.V.,Herenwal 25,8441 BA Heerenveen
Rijwielhandel Jan Jonkman,Stationsweg 52,9201 GP Drachten
De Fietswinkel Mient de Vries,Westeinde 1A,9079 LH St.-Jacobiparochie
De Fietswinkel Mient de Vries,Pier Panderstraat 1,8913 CH Leeuwarden
Spanninga Metaal B.V.,Geert Knolweg 30,8501 MK Joure
E. Gielliet,Weardwei 2,9135 DG Moarre
Riemersma's Rijwielhandel,Aldbuorren 7,9145 SE Ternaard
Bicycle Solutions,Koedijkerweg 12A,3816 BV Amersfoort
Accell Nederland,Wilmersdorf 37,7327 AD Apeldoorn
Accell Nederland,Industrieweg 4,8444 AR Heerenveen
Accell Nederland,Tinweg 9,8445 PD Heerenveen
Tweewielerbedrijf Nijdam,Kanadeeskestrjitte 7,8491 BC Akkrum
Terpstra Fietsen,Hoofdweg-Boven 23,8433 LB Haulerwijk
Fa. Rijwielhandel v/d Schaaf,de Opfeart 3,9047 KW Minnertsga
G. Postma Tweewielers,Fricoweg 1e,9005 PC Wergea
"Tweewielercentrum ""De Drait""",Dollard 125a,9204 CM Drachten
Pointer Rijwielen B.V.,Boelenswei 40,9233 KD Boelenslaan
Van Seggeren Tweewielers B.V.,Foarwei 66,9298 JM Kollumersweach
W.S.B. Hi Tech Bicycle Europa B.V.,De Roef 15,9206 AK Drachten
Henk Bike Shop,Middelwyk 39,9202 GN Drachten
